{"fileId":"0dedf46600302b66b9b1","fileName":"debug.dropdown.spec.cjs","tests":[{"testId":"0dedf46600302b66b9b1-b285c7f9ba7df489d199","title":"debug dropdown stacking on page","projectName":"chromium","location":{"file":"debug.dropdown.spec.cjs","line":3,"column":1},"duration":54342,"annotations":[],"tags":[],"outcome":"expected","path":[],"results":[{"duration":54342,"startTime":"2026-01-14T13:36:54.990Z","retry":0,"steps":[{"title":"Before Hooks","startTime":"2026-01-14T13:36:54.998Z","duration":3169,"steps":[{"title":"Fixture \"browser\"","startTime":"2026-01-14T13:36:55.018Z","duration":1563,"steps":[{"title":"Launch browser","startTime":"2026-01-14T13:36:55.025Z","duration":1555,"steps":[],"attachments":[],"count":1,"skipped":false}],"attachments":[],"count":1,"skipped":false},{"title":"Fixture \"context\"","startTime":"2026-01-14T13:36:56.584Z","duration":1263,"steps":[{"title":"Create context","startTime":"2026-01-14T13:36:56.589Z","duration":1240,"steps":[],"attachments":[],"count":1,"skipped":false}],"attachments":[],"count":1,"skipped":false},{"title":"Fixture \"page\"","startTime":"2026-01-14T13:36:57.848Z","duration":319,"steps":[{"title":"Create page","startTime":"2026-01-14T13:36:57.851Z","duration":315,"steps":[],"attachments":[],"count":1,"skipped":false}],"attachments":[],"count":1,"skipped":false}],"attachments":[],"count":1,"skipped":false},{"title":"Navigate to \"/\"","startTime":"2026-01-14T13:36:58.175Z","duration":52276,"steps":[],"attachments":[],"location":{"file":"debug.dropdown.spec.cjs","line":4,"column":14},"count":1,"skipped":false,"snippet":" \u001b[90m  3 |\u001b[39m test(\u001b[32m'debug dropdown stacking on page'\u001b[39m\u001b[33m,\u001b[39m \u001b[36masync\u001b[39m ({ page\u001b[33m,\u001b[39m baseURL }) \u001b[33m=>\u001b[39m {\n \u001b[90m  4 |\u001b[39m   \u001b[36mawait\u001b[39m page\u001b[33m.\u001b[39mgoto(baseURL \u001b[33m||\u001b[39m \u001b[32m'http://localhost:3000'\u001b[39m)\u001b[33m;\u001b[39m\n \u001b[90m    |\u001b[39m \u001b[31m\u001b[1m             ^\u001b[22m\u001b[39m\u001b[0m\n \u001b[90m  5 |\u001b[39m"},{"title":"Wait for selector locator('#employee')","startTime":"2026-01-14T13:37:50.466Z","duration":174,"steps":[],"attachments":[],"location":{"file":"debug.dropdown.spec.cjs","line":7,"column":26},"count":1,"skipped":false,"snippet":" \u001b[90m  6 |\u001b[39m   \u001b[90m// wait for employee select to load\u001b[39m\n \u001b[90m  7 |\u001b[39m   \u001b[36mconst\u001b[39m sel \u001b[33m=\u001b[39m \u001b[36mawait\u001b[39m page\u001b[33m.\u001b[39mwaitForSelector(\u001b[32m'#employee'\u001b[39m)\u001b[33m;\u001b[39m\n \u001b[90m    |\u001b[39m \u001b[31m\u001b[1m                         ^\u001b[22m\u001b[39m\u001b[0m\n \u001b[90m  8 |\u001b[39m"},{"title":"Evaluate locator('#employee option')","startTime":"2026-01-14T13:37:50.648Z","duration":42,"steps":[],"attachments":[],"location":{"file":"debug.dropdown.spec.cjs","line":10,"column":30},"count":1,"skipped":false,"snippet":" \u001b[90m  9 |\u001b[39m   \u001b[90m// ensure options exist\u001b[39m\n \u001b[90m 10 |\u001b[39m   \u001b[36mconst\u001b[39m options \u001b[33m=\u001b[39m \u001b[36mawait\u001b[39m page\u001b[33m.\u001b[39m$$eval(\u001b[32m'#employee option'\u001b[39m\u001b[33m,\u001b[39m opts \u001b[33m=>\u001b[39m opts\u001b[33m.\u001b[39mmap(o \u001b[33m=>\u001b[39m ({ value\u001b[33m:\u001b[39m o\u001b[33m.\u001b[39mvalue\u001b[33m,\u001b[39m text\u001b[33m:\u001b[39m o\u001b[33m.\u001b[39mtextContent })))\u001b[33m;\u001b[39m\n \u001b[90m    |\u001b[39m \u001b[31m\u001b[1m                             ^\u001b[22m\u001b[39m\u001b[0m\n \u001b[90m 11 |\u001b[39m"},{"title":"Get bounding box","startTime":"2026-01-14T13:37:50.695Z","duration":23,"steps":[],"attachments":[],"location":{"file":"debug.dropdown.spec.cjs","line":12,"column":26},"count":1,"skipped":false,"snippet":" \u001b[90m 11 |\u001b[39m\n \u001b[90m 12 |\u001b[39m   \u001b[36mconst\u001b[39m rect \u001b[33m=\u001b[39m \u001b[36mawait\u001b[39m sel\u001b[33m.\u001b[39mboundingBox()\u001b[33m;\u001b[39m\n \u001b[90m    |\u001b[39m \u001b[31m\u001b[1m                         ^\u001b[22m\u001b[39m\u001b[0m\n \u001b[90m 13 |\u001b[39m"},{"title":"Evaluate","startTime":"2026-01-14T13:37:50.722Z","duration":33,"steps":[],"attachments":[],"location":{"file":"debug.dropdown.spec.cjs","line":18,"column":27},"count":1,"skipped":false,"snippet":" \u001b[90m 17 |\u001b[39m\n \u001b[90m 18 |\u001b[39m   \u001b[36mconst\u001b[39m info \u001b[33m=\u001b[39m \u001b[36mawait\u001b[39m page\u001b[33m.\u001b[39mevaluate(({ cx\u001b[33m,\u001b[39m cy }) \u001b[33m=>\u001b[39m {\n \u001b[90m    |\u001b[39m \u001b[31m\u001b[1m                          ^\u001b[22m\u001b[39m\u001b[0m\n \u001b[90m 19 |\u001b[39m     \u001b[36mconst\u001b[39m sel \u001b[33m=\u001b[39m document\u001b[33m.\u001b[39mgetElementById(\u001b[32m'employee'\u001b[39m)\u001b[33m;\u001b[39m"},{"title":"After Hooks","startTime":"2026-01-14T13:37:50.758Z","duration":181,"steps":[{"title":"Fixture \"page\"","startTime":"2026-01-14T13:37:50.760Z","duration":0,"steps":[],"attachments":[],"count":1,"skipped":false},{"title":"Fixture \"context\"","startTime":"2026-01-14T13:37:50.762Z","duration":163,"steps":[{"title":"Close context","startTime":"2026-01-14T13:37:50.872Z","duration":53,"steps":[],"attachments":[],"count":1,"skipped":false}],"attachments":[],"count":1,"skipped":false}],"attachments":[],"count":1,"skipped":false}],"errors":[],"status":"passed","annotations":[],"attachments":[{"name":"trace","contentType":"application/zip","path":"data/88bc3552a011317a7e36696e7b523ce3b2b1f95e.zip"},{"name":"stdout","contentType":"text/plain","body":"DEBUG_DROPDOWN_OPTIONS=[{\"value\":\"\",\"text\":\"-- Select your name --\"},{\"value\":\"emp_q3WGXgczT8gssfCO\",\"text\":\"Chris Jacobi\"},{\"value\":\"emp_JcYsCv7rJ7fyha2O\",\"text\":\"Chris Z\"},{\"value\":\"emp_JMr5EHDoCPPJw1h4\",\"text\":\"Doug Kinsey\"},{\"value\":\"emp_AEGgtNcheS2AfGOG\",\"text\":\"Jafid Osorio\"},{\"value\":\"emp_AncX_hzZKVAQd8_0\",\"text\":\"Jason Green\"},{\"value\":\"emp_2J7CcVwg-32cbdcA\",\"text\":\"Office Admin\"},{\"value\":\"emp_xPItN6gnmFrQF9I_\",\"text\":\"Sean Matthew\"}]\nDEBUG_DROPDOWN_INFO={\"computedStyle\":{\"zIndex\":\"2\",\"position\":\"relative\",\"pointerEvents\":\"auto\"},\"elementsAtPoint\":[{\"tag\":\"SELECT\",\"id\":\"employee\",\"class\":null},{\"tag\":\"DIV\",\"id\":null,\"class\":\"card\"},{\"tag\":\"DIV\",\"id\":null,\"class\":\"container\"},{\"tag\":\"BODY\",\"id\":null,\"class\":null},{\"tag\":\"HTML\",\"id\":null,\"class\":null}]}\n"},{"name":"stderr","contentType":"text/plain","body":"  pw:api => browserType.launch started +0ms\n  pw:api <= browserType.launch succeeded +2s\n  pw:api => browser.newContext started +10ms\n  pw:api   \"commit\" event fired +1s\n  pw:api   \"domcontentloaded\" event fired +2ms\n  pw:api   \"load\" event fired +1ms\n  pw:api   \"commit\" event fired +82ms\n  pw:api   navigated to \"https://playwright/index.html\" +0ms\n  pw:api   \"domcontentloaded\" event fired +126ms\n  pw:api   \"load\" event fired +1ms\n  pw:api <= browser.newContext succeeded +20ms\n  pw:api => browserContext.newPage started +23ms\n  pw:api <= browserContext.newPage succeeded +314ms\n  pw:api => page.goto started +9ms\n  pw:api   \"networkidle\" event fired +249ms\n  pw:api navigating to \"http://localhost:3000/\", waiting until \"load\" +52s\n  pw:api   \"commit\" event fired +70ms\n  pw:api   navigated to \"http://localhost:3000/\" +1ms\n  pw:api   \"domcontentloaded\" event fired +132ms\n  pw:api   \"load\" event fired +4ms\n  pw:api <= page.goto succeeded +44ms\n  pw:api => page.waitForSelector started +16ms\n  pw:api waiting for locator('#employee') to be visible +87ms\n  pw:api   locator resolved to visible <select id=\"employee\" title=\"Select employee\">…</select> +59ms\n  pw:api <= page.waitForSelector succeeded +27ms\n  pw:api => page.$$eval started +9ms\n  pw:api <= page.$$eval succeeded +41ms\n  pw:api => elementHandle.boundingBox started +6ms\n  pw:api <= elementHandle.boundingBox succeeded +22ms\n  pw:api => page.evaluate started +5ms\n  pw:api <= page.evaluate succeeded +32ms\n  pw:api => browserContext.close started +117ms\n  pw:api <= browserContext.close succeeded +52ms\n"}]}],"ok":true}]}