{"metadata":{"actualWorkers":1},"startTime":1768397809782,"duration":130132.768,"files":[{"fileId":"0dedf46600302b66b9b1","fileName":"debug.dropdown.spec.cjs","tests":[{"testId":"0dedf46600302b66b9b1-b285c7f9ba7df489d199","title":"debug dropdown stacking on page","projectName":"chromium","location":{"file":"debug.dropdown.spec.cjs","line":3,"column":1},"duration":54342,"annotations":[],"tags":[],"outcome":"expected","path":[],"ok":true,"results":[{"attachments":[{"name":"trace","contentType":"application/zip","path":"data/88bc3552a011317a7e36696e7b523ce3b2b1f95e.zip"},{"name":"stdout","contentType":"text/plain"},{"name":"stderr","contentType":"text/plain"}]}]}],"stats":{"total":1,"expected":1,"unexpected":0,"flaky":0,"skipped":0,"ok":true}},{"fileId":"a32f9866d9ec7d9830bb","fileName":"labor-timekeeper.spec.cjs","tests":[{"testId":"a32f9866d9ec7d9830bb-80790313e95c6680e9f0","title":"home page shows app (employee selector)","projectName":"chromium","location":{"file":"labor-timekeeper.spec.cjs","line":6,"column":3},"duration":5415,"annotations":[],"tags":[],"outcome":"expected","path":["Labor Timekeeper - No Auth Flow"],"ok":true,"results":[{"attachments":[{"name":"trace","contentType":"application/zip","path":"data/13dfa7517028d56db532e9edbc1da07f88d59d2e.zip"},{"name":"stderr","contentType":"text/plain"}]}]},{"testId":"a32f9866d9ec7d9830bb-7c58bb130e7ddf0a832e","title":"app page shows employee selector","projectName":"chromium","location":{"file":"labor-timekeeper.spec.cjs","line":13,"column":3},"duration":3578,"annotations":[],"tags":[],"outcome":"expected","path":["Labor Timekeeper - No Auth Flow"],"ok":true,"results":[{"attachments":[{"name":"trace","contentType":"application/zip","path":"data/1230572014b877a5cb8ab4be09b95cf4affab3a8.zip"},{"name":"stderr","contentType":"text/plain"}]}]},{"testId":"a32f9866d9ec7d9830bb-93f92bc024cbf959033a","title":"employee selector has options","projectName":"chromium","location":{"file":"labor-timekeeper.spec.cjs","line":19,"column":3},"duration":2195,"annotations":[],"tags":[],"outcome":"expected","path":["Labor Timekeeper - No Auth Flow"],"ok":true,"results":[{"attachments":[{"name":"trace","contentType":"application/zip","path":"data/a0bb440ab8d82f26bd80c128c029144b31fc5333.zip"},{"name":"stderr","contentType":"text/plain"}]}]},{"testId":"a32f9866d9ec7d9830bb-1be2508eb5b3484101c5","title":"main card disabled until employee selected","projectName":"chromium","location":{"file":"labor-timekeeper.spec.cjs","line":25,"column":3},"duration":3865,"annotations":[],"tags":[],"outcome":"expected","path":["Labor Timekeeper - No Auth Flow"],"ok":true,"results":[{"attachments":[{"name":"trace","contentType":"application/zip","path":"data/da452605d2d41ff7e8837cee0af83464a68cfe48.zip"},{"name":"stderr","contentType":"text/plain"}]}]},{"testId":"a32f9866d9ec7d9830bb-57347be3608ff5b34a57","title":"selecting employee enables main card","projectName":"chromium","location":{"file":"labor-timekeeper.spec.cjs","line":36,"column":3},"duration":3056,"annotations":[],"tags":[],"outcome":"expected","path":["Labor Timekeeper - No Auth Flow"],"ok":true,"results":[{"attachments":[{"name":"trace","contentType":"application/zip","path":"data/01ad3181e42e9ad35982151235599b0d3f21e1d1.zip"},{"name":"stderr","contentType":"text/plain"}]}]},{"testId":"a32f9866d9ec7d9830bb-e61723b7c02e00af0d60","title":"customer select dropdown exists","projectName":"chromium","location":{"file":"labor-timekeeper.spec.cjs","line":60,"column":3},"duration":12827,"annotations":[],"tags":[],"outcome":"expected","path":["Labor Timekeeper - Time Entry"],"ok":true,"results":[{"attachments":[{"name":"trace","contentType":"application/zip","path":"data/ad1f0cbff11e94785f89223c2b752e29d0318cf5.zip"},{"name":"stderr","contentType":"text/plain"}]}]},{"testId":"a32f9866d9ec7d9830bb-2b3d089c086292f26149","title":"customer options include addresses","projectName":"chromium","location":{"file":"labor-timekeeper.spec.cjs","line":64,"column":3},"duration":8890,"annotations":[],"tags":[],"outcome":"expected","path":["Labor Timekeeper - Time Entry"],"ok":true,"results":[{"attachments":[{"name":"trace","contentType":"application/zip","path":"data/659bc454ef67f83586bf5d687b137c9f7de65e9a.zip"},{"name":"stderr","contentType":"text/plain"}]}]},{"testId":"a32f9866d9ec7d9830bb-8e616f462a5a0de9422d","title":"selecting customer shows address","projectName":"chromium","location":{"file":"labor-timekeeper.spec.cjs","line":72,"column":3},"duration":10401,"annotations":[],"tags":[],"outcome":"expected","path":["Labor Timekeeper - Time Entry"],"ok":true,"results":[{"attachments":[{"name":"trace","contentType":"application/zip","path":"data/63a119227548eff2913f35256148fee259e8ca4a.zip"},{"name":"stderr","contentType":"text/plain"}]}]},{"testId":"a32f9866d9ec7d9830bb-9f78042222cba4ac5e09","title":"day selector has weekday options","projectName":"chromium","location":{"file":"labor-timekeeper.spec.cjs","line":81,"column":3},"duration":4405,"annotations":[],"tags":[],"outcome":"expected","path":["Labor Timekeeper - Time Entry"],"ok":true,"results":[{"attachments":[{"name":"trace","contentType":"application/zip","path":"data/75966820a86633a3dd45f3b9495202fdf4169096.zip"},{"name":"stderr","contentType":"text/plain"}]}]},{"testId":"a32f9866d9ec7d9830bb-151c9dbc6f5e8b7f6d10","title":"admin page loads with PIN unlock","projectName":"chromium","location":{"file":"labor-timekeeper.spec.cjs","line":96,"column":3},"duration":2904,"annotations":[],"tags":[],"outcome":"expected","path":["Labor Timekeeper - Admin Page"],"ok":true,"results":[{"attachments":[{"name":"trace","contentType":"application/zip","path":"data/9ec1968258786a5b9a2e5a13e006ccc7f88c2a13.zip"},{"name":"stderr","contentType":"text/plain"}]}]},{"testId":"a32f9866d9ec7d9830bb-04ae600d2aefe3cd15ea","title":"admin page shows pipeline buttons","projectName":"chromium","location":{"file":"labor-timekeeper.spec.cjs","line":100,"column":3},"duration":6897,"annotations":[],"tags":[],"outcome":"expected","path":["Labor Timekeeper - Admin Page"],"ok":true,"results":[{"attachments":[{"name":"trace","contentType":"application/zip","path":"data/de1dbb793003a0f862a4fff48299018dc7b46961.zip"},{"name":"stderr","contentType":"text/plain"}]}]},{"testId":"a32f9866d9ec7d9830bb-aa0f0008d747e1a7e3de","title":"GET /api/customers returns list with addresses","projectName":"chromium","location":{"file":"labor-timekeeper.spec.cjs","line":107,"column":3},"duration":93,"annotations":[],"tags":[],"outcome":"expected","path":["Labor Timekeeper - API Endpoints (No Auth)"],"ok":true,"results":[{"attachments":[{"name":"trace","contentType":"application/zip","path":"data/f8c6f0432d42f9aea86b591f5437828d1b7b454f.zip"},{"name":"stderr","contentType":"text/plain"}]}]},{"testId":"a32f9866d9ec7d9830bb-9b9f454ce36e2b51b11a","title":"GET /api/employees returns list","projectName":"chromium","location":{"file":"labor-timekeeper.spec.cjs","line":120,"column":3},"duration":38,"annotations":[],"tags":[],"outcome":"expected","path":["Labor Timekeeper - API Endpoints (No Auth)"],"ok":true,"results":[{"attachments":[{"name":"trace","contentType":"application/zip","path":"data/957a36e4ac895ee9602df328361a2d130e31ac58.zip"},{"name":"stderr","contentType":"text/plain"}]}]},{"testId":"a32f9866d9ec7d9830bb-a2f158f9f6b27b2509eb","title":"POST /api/customers/find-or-create creates new customer","projectName":"chromium","location":{"file":"labor-timekeeper.spec.cjs","line":128,"column":3},"duration":64,"annotations":[],"tags":[],"outcome":"expected","path":["Labor Timekeeper - API Endpoints (No Auth)"],"ok":true,"results":[{"attachments":[{"name":"trace","contentType":"application/zip","path":"data/d3a3b2735fc20bbce5fb79ceac567b72b2b6a540.zip"},{"name":"stderr","contentType":"text/plain"}]}]},{"testId":"a32f9866d9ec7d9830bb-73965cb4c744539019cd","title":"GET /api/time-entries requires employee_id","projectName":"chromium","location":{"file":"labor-timekeeper.spec.cjs","line":141,"column":3},"duration":27,"annotations":[],"tags":[],"outcome":"expected","path":["Labor Timekeeper - API Endpoints (No Auth)"],"ok":true,"results":[{"attachments":[{"name":"trace","contentType":"application/zip","path":"data/c7c365681587745edd07d5e6a54c3c068cf9f45c.zip"},{"name":"stderr","contentType":"text/plain"}]}]},{"testId":"a32f9866d9ec7d9830bb-32c7f012e55303c801d7","title":"GET /api/time-entries works with employee_id","projectName":"chromium","location":{"file":"labor-timekeeper.spec.cjs","line":147,"column":3},"duration":84,"annotations":[],"tags":[],"outcome":"expected","path":["Labor Timekeeper - API Endpoints (No Auth)"],"ok":true,"results":[{"attachments":[{"name":"trace","contentType":"application/zip","path":"data/1ad9ee47b22acfdf65100d8f9d617efaeb308889.zip"},{"name":"stderr","contentType":"text/plain"}]}]},{"testId":"a32f9866d9ec7d9830bb-f89c1c53a07c35a2801a","title":"GET /api/holidays returns holidays","projectName":"chromium","location":{"file":"labor-timekeeper.spec.cjs","line":161,"column":3},"duration":81,"annotations":[],"tags":[],"outcome":"expected","path":["Labor Timekeeper - API Endpoints (No Auth)"],"ok":true,"results":[{"attachments":[{"name":"trace","contentType":"application/zip","path":"data/d4767919222849878eb2be39738df001be76391d.zip"},{"name":"stderr","contentType":"text/plain"}]}]}],"stats":{"total":17,"expected":17,"unexpected":0,"flaky":0,"skipped":0,"ok":true}}],"projectNames":["chromium"],"stats":{"total":18,"expected":18,"unexpected":0,"flaky":0,"skipped":0,"ok":true},"errors":[],"options":{}}